姓,名
飯島,友介
篠田,敏浩
槌谷,功
山本,啓
窪田,謙司
谷口,知史
鈴木,健治
山口,恭子
福江,直樹
廣野,まゆみ
鈴木,麻実
安岡,正明
平田,弘
渡辺,悠樹
加藤,博文
中島,久子
浅井,尚輝
岡,洋
沖田,裕子
片田,重人
森脇,淳
木村,勝哉
高橋,友洋
熊谷,輝夫
青木,達郎
小川,悟
今井,将
勝木,稔
栗原,剛
瀧口,哲郎
高橋,秀雄
室田,優奈
新家,直美
西村,弘樹
前田,有香
福田,由紀
丸山,里枝子
杉本,理佳
古井,謙治
白尾,拓也
佐藤,エミ
高橋,司
小野,幸子
南,孝行
加藤,理恵
末廣,崇志
大門,啓
樋口,稔
山口,さとし
荒川,宏
榎本,弘樹
西,綾香
浜口,剛士
土橋,千鶴子
田嶋,奈保子
鈴木,智子
小池,裕介
橘,直希
関根,祐子
入江,亜紀
三宅,功
加藤,理子
村松,大介
中村,広樹
蛯名,冬樹
小川,達士
井上,久美
野村,周作
川島,和正
上田,陽子
櫻田,友美
木村,愛子
樺澤,栄治
金井,宏輔
川口,由加里
安井,崇
丹羽,保
木下,剛志
鈴木,大輔
渡辺,隆宏
清水,隆之
中村,知之
加藤,誠
長島,謙治
川崎,崇
浅田,政美
安野,早紀
原田,英雄
長野,貴史
竹田,晴恵
佃,将志
勝田,真実
宇井,淳
佐々木,冬子
尾崎,美穂
安部,志郎
安藤,正志
田中,太朗
佐野,智
下村,りえ
河村,朋子
小田,菜美子
米光,徳之
浅野,智美
森,亜里沙
牧野,正樹
本田,晋
高橋,哲郎
森本,美紀
大石,透
座安,健吉
南谷,健司
小出,潤
南,泰弘
松田,佳代子
松本,律子
渡辺,大介
高橋,信之介
塩野,博
菊地,英子
北川,美加
吉田,裕子
三宅,勇輝
磯崎,幸平
矢島,洋介
三枝,桐子
中澤,大輔
鈴木,俊一郎
伊藤,裕司
中野,明
藤原,洋平
小林,道子
谷口,友美
伊藤,恵理香
小池,花子
光野,裕美子
林,啓一
西尾,邦生
秋山,誠治
小林,健
安島,和幸
田中,隆
松原,公
鈴木,賢治
塩見,良二
斉藤,凛
山田,純
成瀬,陽子
是枝,洋佑
川上,大輔
黒木,拓馬
青木,聡美
塩川,健太郎
藤澤,薫
中西,裕昭
米山,智子
高瀬,浩子
堀江,友香
山岸,俊典
伊藤,秀治
鈴木,はるみ
篠原,直己
山本,由佳
金澤,誠一郎
清水,宏章
村山,理沙
南澤,直樹
小松,夏海
谷口,陽一
坂下,毅
三宅,加奈
藤崎,直美
橋口,祐之
椛島,重幸
渡部,孝充
岡崎,敏
山本,彰宏
松井,玲子
山本,友亮
栗本,勇佑
相沢,ひろ子
野秋,順也
齋藤,康行
加藤,堅
齋藤,耕司
村上,光広
松本,真一郎
中村,満雄
亀井,隼
中村,塁
篠原,衣里
松沢,麗美
新村,祥子
丹羽,孝宏
大内,奈緒美
関根,祐一
中嶋,英恵
美馬,ありさ
中川,淳志
飯塚,剛
大塚,真紀
佐野,陽一
堤,敦子
鷲田,恵子
堀江,亘
小山,麻里
小寺,友佳
佐々木,智博
坂本,圭二
玉城,奈津子
藤原,洋
青木,友里
五十嵐,雅洋
松本,直人
小林,公二
石井,剛史
牛込,太郎
松本,ヒロ
濱野,佑樹
大塚,聖子
福本,衛
関,亮
千葉,渉
吉野,眞紀
岩瀬,拓也
岡崎,僚
富岡,英之
北川,聡
佐伯,裕也
中沢,聡
田村,智喜
加藤,嘉彦
石橋,健二
曽我,恵
岡部,さゆり
守田,麻衣子
西郷,正吾
中野,理沙
斉藤,尚
福田,仁志
佐藤,健一
宮城,敦
下澤,裕史
千葉,寿
福江,真一郎
藤井,雄貴
宇都,昭雄
加藤,圭太
岩田,武夫
広田,一嘉
秋山,智之
濱田,義和
下村,圭史
菅野,祐樹
前田,章広
鴨志田,史子
角田,貴政
服部,博美
青木,優輝
佐藤,俊貴
亀山,勝巳
上杉,裕子
辻本,知子
久保,悟
飯山,清人
寺岡,純子
宮本,信弘
高橋,光宏
鈴木,貴子
井上,悠一
名古屋,直美
中尾,裕一
生田,直哉
田中,美紗
山崎,園美
荒田,紀子
伊地知,紀之
柏村,さおり
上田,翔太
杉岡,哲也
岡村,龍一
久保,和樹
高橋,友香里
赤城,恵
菅原,規雄
笹谷,久直
堀場,暁子
安井,洋一
渡辺,愛
益本,文
山本,健一
木村,幸宏
岡田,眞
新井,哲也
山田,信
立山,淳子
草野,有加
三田,滋
吉田,直也
阿部,れいこ
牛島,寿恵
橘,よう子
前田,郁夫
佐藤,順子
岡本,玲子
遠藤,聖子
大西,陽子
桜井,洋佑
中島,雅彦
山口,康司
竹田,歩
澁谷,一樹
野田,豊
原,淳
長崎,桂子
竹中,美沙
樋口,勇
今村,瑞季
川端,明
中嶋,邦宏
末光,健司
内海,英一郎
田所,嘉美
小田島,隆
中塚,雄二
小川,謙太郎
天野,真哉
高野,正徳
田中,純
岡村,拓也
杉山,浩子
小野塚,晃弘
木下,正毅
前田,智美
松本,麻美
清水,実
峯村,隆太
岡野,健志
豊田,直樹
中田,洋
桜井,典子
田村,美紀
冨田,修
稲垣,梨沙
稲尾,哲
辻本,正彦
中島,享
土居,慎一郎
柴田,卓司
門村,実
神谷,優
秋本,博章
竹下,有理
田代,一
加藤,なつみ
山部,裕介
山岡,智久
長塚,隆二
八幡,拳
水野,英樹
野口,久美子
菊地,忠司
菊地,太一
酒井,美輪
荒木,昭宏
斎藤,浩二
新井,隆志
守田,朋子
渡邊,愛
荻野,純子
鎌田,豊
佐野,浩司
鈴木,典弘
柴田,香織
矢口,美香
小野,修一
阿部,健志
木内,学
仲谷,富士子
川尻,加菜
永田,泰弘
西谷,智洋
山野,智啓
永田,隆
甲斐,悠二
木下,友香
川井田,一明
岸本,久美子
山田,朋子
福田,仁美
鈴木,俊光
清水,夕子
高島,栄樹
岩山,光
井上,愛
石原,洋三
仲山,清香
宮本,竜也
濱田,秀和
吉村,郁夫
冨永,勝成
岩見,繁
本多,大地
藤井,明日香
山縣,哲明
米倉,優樹
後藤,玲奈
石川,誠司
渡邊,美加
佐藤,和人
稲永,史織
前田,慶介
中村,涼
伊藤,正樹
岩本,洋輔
岡,福子
大森,将太
北村,秀
大城,亮太
小山田,滋子
北野,勝利
片岡,和紀
佐々木,優佳
真田,淳也
菊地,仁美
横山,大地
岡藤,章雄
松本,亮太
樋口,りさ
渡部,知世
大坪,佑太
今村,直美
中野,武司
東田,雅代
横山,高博
柏尾,勉
塩山,雄一郎
成松,秀一
荒川,信仁
草間,千恵美
片岡,啓一
野村,武志
飯島,司
岡田,宏太郎
青木,直樹
千葉,陽一郎
北沢,浩二
川村,仁
岩崎,真澄
長谷川,直
高瀬,文香
里見,ゆき子
佐藤,雄一郎
石井,隆之
中嶋,京子
田中,正嗣
内海,翔
森,麻希子
本村,桃子
吉田,悟
小島,泰弘
松岡,紘之
福田,直恵
河端,百香
門田,賢太郎
新川,雅俊
小島,修子
秋山,英二
内山,雅彦
藤井,一
青山,和
関,秀美
安田,康輔
岡田,卓也
平川,八重子
鈴木,克明
堤,裕久
正岡,佑馬
伊藤,良太
西村,康史
中村,亮介
山口,克明
山田,聡美
有川,敬介
湯口,恵子
山路,知子
加藤,信義
小早川,弘恵
足立,崇
増岡,敦
上田,功
松本,悦子
村瀬,淳
小野,万里子
左海,未紗
溝部,繁雄
脇山,由梨香
石田,由梨
山岸,貴子
黒岡,智広
加藤,智朗
塩見,晃
池松,昌明
矢澤,裕司
安井,修
宮田,一朗
大西,寛人
中澤,直実
日下,弥生
辻,よしの
横田,克明
西,哲也
石黒,修平
曽根,誠一
吉田,麻衣子
田中,達也
佐々木,香織
長谷川,正道
辻村,淳
高岡,祐子
稲葉,美香
村田,俊秀
石川,幸子
五島,邦彦
石岡,哲也
河本,洋一
白石,大剛
荻野,拓矢
山口,信介
西山,敦子
上野,裕子
後藤,潤一
長谷川,陽子
岸川,万里子
齊藤,亜由美
小池,美和子
速水,亜由美
伊藤,宏徳
鎌田,勇士
和田,みどり
草野,久雄
小山,亜弥
渡辺,徹
川口,康二
金田,優子
土屋,淳子
佐々木,恵美
山根,純一
加賀田,映子
森田,敬太
牧,悦子
柏木,ちか
大川,敦子
桐田,博文
藤本,博
河合,一男
坂本,正彦
松尾,孝信
湯浅,和章
吉田,麻奈美
藤田,かつら
吉田,達也
大屋,渉
田中,遊
日下部,朋和
前田,佑理
北山,涼
長谷川,俊太郎
鎌田,康司
勝野,誠治
石井,清二
森田,幸子
川口,小百合
田中,良亮
廣木,緑
吉田,勢津子
吉田,志帆
松尾,久
西田,智枝
丹羽,恵
大野,慶太
小島,周
武内,雄太
赤津,亜希
森井,聡美
松本,弘幸
三浦,恭平
木村,圭治
尾山,典子
山本,保之
白鳥,祥
内田,俊典
佐藤,雄亮
八坂,岳
森,桂介
中村,将志
永渕,篤志
國分,宏司
松浦,悟
平井,由起子
中川,知子
細川,幸治
矢野,正利
千葉,英樹
森山,一樹
小宮,千暁
笹原,真理子
加藤,智仁
長谷川,滋之
有村,優美
鑓水,友美
塩山,武史
久保,和美
武田,洋
高橋,祐典
小沢,義徳
大城,正彦
横田,淳
山田,智子
森永,翔大
河村,正輝
堀,麻美
加藤,理栄
宇井,真裕子
神谷,真希
秋野,雅史
岩村,奈々
井上,強
栗原,聡
飯田,正也
水谷,伸也
増田,理恵
森口,実
能勢,孝明
竹内,望
山本,未紀
原,朋宏
濱本,裕子
吉川,みゆき
芳賀,亜希子
斉木,千春
川口,健
吉田,英敏
吉田,一郎
平田,修次
原田,達也
中泉,宏文
吉積,陽
丸山,哲
後藤,雅文
鈴木,美佳
永井,剛司
丸茂,雄一
松島,正隆
城谷,猛
堀越,雅裕
櫻井,淳一
上野,裕樹
松岡,良子
小巻,真理
金井,萌
青木,真一郎
青山,秀樹
岡田,陽子
太田,春奈
宮田,克成
田坂,絵美子
小室,大祐
水谷,英祐
大高,敦子
綿引,学
小西,学
小山田,あすか
井口,樹
荒田,正樹
野村,美恵子
山田,雅彦
須田,ともみ
津村,晴子
三浦,シン
藍原,真行
仲地,健
繁田,泰史
小泉,宏和
茂木,満
山本,慎二
大山,麻友
小川,正信
高橋,祐一郎
内藤,英行
丸山,さとみ
木村,篤志
上田,圭太
森,義明
樋口,直子
末光,貴子
松本,幸生
小島,宏一
是枝,直央
相川,学
西井,雅彦
樋口,瑶子
谷口,昭彦
伊藤,伸也
青山,正之
河上,直人
早川,涼
星野,一男
坂部,英里香
相原,真
石田,将吾
古賀,祥平
鈴木,卓
稲葉,絵理
山本,晴彦
坂本,綾子
荒木,裕美子
森本,崇弘
加藤,祥平
橋本,正裕
田澤,舞子
玉井,奈緒美
松村,美奈子
宮崎,徹
小林,けいこ
重田,貴美子
倉科,優子
瀧澤,涼子
菊池,祐樹
亀山,基弘
和田,佐和子
藤井,裕次郎
沢井,哲也
菊地,良子
白石,真理
加藤,良平
川村,賢
橋本,明子
野瀬,博司
西本,直人
柏,和雄
別所,則行
立松,陽子
池田,絵美里
大場,新平
野中,有紀子
山下,裕志
西谷,有規
川原,佳苗
大山,高広
鈴木,裕太
冨田,幸子
永井,良二
佐治,まどか
菊地,みゆき
大浦,智浩
澁谷,久美子
吉川,由佳
宇田川,啓太
百田,直己
中堀,和宏
今橋,真理
宮崎,賢一郎
長友,聰
菊永,典子
川井,直紀
中村,正典
高田,康一
山田,理香
中南,直亮
平沼,浩嗣
新海,武司
生駒,昭彦
森,正弘
門脇,雅敏
吉田,雅幸
川崎,伸吾
西村,由香里
中野,奈央美
松下,光
大窪,麻紀
塚本,一雄
中川,睦
遠藤,聖子
平尾,崇文
山口,夕子
宮北,泰和
坂本,欣也
鈴木,菜穂
佐々木,真央
中田,康一
吉川,啓介
水野,由美子
福山,哲也
山本,祐介
橋本,孝博
田中,篤史
岡村,幸輝
黒瀬,哲也
藤井,亜紀
六角,ちえみ
原,幸子
柴田,久人
徳永,智子
千葉,淳
尾崎,栄美
近藤,綾乃
原,恭子
田中,智子
入江,航
山田,裕介
若月,悠
乳井,亮太
中村,正博
前田,恵
吉田,貴司
池田,崇宏
中西,靖子
塩澤,泰久
久永,啓介
長井,恭代
北村,周三
木下,翔子
十文字,美奈子
山川,岳史
吉岡,竜
山下,修
牛尾,昭宏
橋口,あけみ
高田,香奈子
中村,智規
松澤,恵美
大平,忍
茂田,英哲
坂田,愛里
田中,直哉
新沼,恵美
島崎,優一郎
根岸,優美
齋藤,嘉代
片倉,隆司
前田,恒夫
大倉,雄二
伊東,和人
竹田,育子
赤松,浩一郎
川村,淳
小林,典弘
武藤,淳
井上,美穂
中川,隆太
松村,和久
只野,桃子
川上,敦
久保,勝徳
吉澤,さや香
杉山,孝男
小林,朋子
大野,雄一
小林,有紀
加藤,瑞穂
佐々木,和成
舟山,正夫
池田,恒雄
横田,治人
近藤,直人
滑川,泰之
田口,淑子
辻,奈緒美
南雲,孝子
谷,道子
岸井,雄也
江口,正喜
宮岡,啓太
岡田,真美子
阿部,裕子
盛田,俊亮
武藤,太志
奥間,安彦
高杉,一慶
高山,真弓
信岡,紀子
天野,健太郎
川﨑,順子
倉本,豊
小野,恭平
西村,和郎
西田,一成
石橋,勝俊
井上,健
磯野,龍一
濱田,政彦
篠崎,佑美
森,真
池田,清隆
喜多,耕太
山口,純一郎
木下,聡子
五十嵐,修弘
齋藤,真由美
橋野,亮介
豊嶋,絵美子
赤堀,愛子
森,裕美
笠井,智子
原,アスカ
鈴木,勇希
大原,由起
清水,弘子
櫻田,正章
岡田,正基
辻岡,基樹
韮澤,雅彦
勅使川原,清人
鈴木,知子
田中,尚子
上野,哲平
荻野,ひかる
関川,謙治
野村,修三
林,豊
林,健
奥野,裕子
矢部,敦司
斎藤,宏
佐藤,裕樹
高橋,信博
仲宗根,美樹
村上,宏樹
望月,由衣
奥,梨紗
山本,有紀
熊谷,和也
土橋,祐輔
河島,里佳
川崎,純一
宮岡,理恵
齊藤,京子
吉田,祐司
山本,こう
松浦,万里子
大野,和正
川口,和美
林,真理奈
江口,純一郎
阪本,拓也
中,雄介
中谷,一成
高山,友美
森川,高幸
前田,俊也
草間,真士
武田,政彦
田中,豊
池田,英治
山下,清彦
木村,光司
稲垣,さち子
水戸,淳二
國方,克典
坂東,史織
中井,省三
副島,正幸
高橋,研
長谷川,マリア
小松,康之
和田,敦
本間,敬子
加藤,ゆうこ
飯島,健二
高橋,英子
池田,收
石井,昭
山田,哲生
米村,剛志
蛯原,淳
中川,昌幸
高木,泰幸
浅井,恭子
永山,大輔
柳瀬,由紀子
阿部,佑
橋本,実
宮下,勝美
小林,幸二
西村,賢治
吉田,幸子
小泉,香代
石川,茂昭
三上,広樹
石川,和彦
安田,良太
貞本,信宏
橋本,信博
関,徹也
天野,智一
佐野,優子
吉永,岬
岸,克弥
大野,美夏
佐々木,大輔
馬場,優
中山,理菜
天久,コウジ
日名,良介
横山,耕一
岩野,真智子
酒井,望
村野,美佳
久保,康子
岩本,敏也
嘉村,麻里子
岡部,めぐみ
大島,淳子
米倉,直樹
山崎,貴広
小林,春奈
木村,誉子
山本,貴士
早坂,正志
近藤,紀子
古野,茂
荒井,篤史
松原,義幸
野村,修
牧野,勝己
内田,寛子
中村,公一
河合,千春
坂本,博子
山脇,有吾
谷口,卓哉
飯田,良平
宇野,清人
今井,亜由美
小泉,将行
板垣,洋子
佐藤,正也
土山,雅春
内田,祐二
長崎,智明
園田,礼子
菊地,和義
佐竹,敦子
成岡,麻美子
新井,由実
大島,泰大
岡本,多恵子
深堀,康輔
高安,宏彰
小柳,秀雄
田中,幸子
山下,真一
飯島,真理恵
瀬戸,麻紀子
坂間,尚美
野田,大祐
大橋,礼子
藤田,悠人
野路,謙治
五十嵐,侑子
早川,一人
坂本,靖仁
松下,桜子
荒井,翔太
小林,淳
長塚,大樹
知念,智明
高橋,佳樹
鳥居,康彰
阪口,誠
杉村,妙子
谷,哲也
長谷川,祥一
坂井,久志
佐藤,昂
横田,朋美
藤井,俊祐
神田,太郎
石間,誠治
佐藤,今日子
坂井,理恵
田村,康人
大和,祐
後藤,淳子
江口,哲
桂,崇
元田,義裕
小松,保彦
上條,正
池畑,誠也
三浦,基樹
田中,伊織
岡本,泰博
五十嵐,晴子
川上,佳太
秋本,智子
佐藤,忠興
高橋,有香
清水,亮平
山口,祐一
宮垣,拓也
鈴木,弓
佐々木,子
山下,大地
佐々木,祐平
伊藤,昌幸
梅木,博光
吉村,真以
井上,勝則
加藤,伸一
三宅,篤
門脇,智志
長谷川,美佳
千葉,麻子
谷,拓也
吉永,環
笹川,友里恵
菅原,みのり
高田,哲也
蛭田,謙一郎
斉藤,一隆
木村,麻由子
佐藤,愛
橋本,葵
森本,大
川口,清
木口,直樹
石井,有美
馬渡,慎平
上野,郷
和田,孝洋
木村,敬
山本,陽一
鈴木,裕二
吉尾,希
渡邊,正則
牛田,祐輔
佐藤,亮介
佐藤,香里
野村,真代
成田,敏哉
清水,圭
楠本,麻衣子
吉田,今日子
及川,順一
小野,紀子
綿貫,佳穂
渕上,崇
片岡,友子
峯村,真由子
墨,徹
中南,一輝
野口,陽太郎
梅田,洋
細野,克典
長谷川,えり
大庭,博人
片岡,義一
上杉,裕代
松崎,美都
菊池,龍太郎
岡田,勇
金子,恵
花木,裕之
日野,泰臣
山本,敦子
清水,真美
坂木,雅志
廣岡,祐子
吉橋,智也
青木,勇作
鈴木,純一
澤田,一平
大原,秀樹
中島,千恵
立川,亜弓
宮崎,蛍
井上,雅和
増田,明香
齋藤,透
勝又,亮
三宅,成美
坂本,浩介
中瀬,亜沙美
神田,和芳
吉岡,陽一
市川,文
田村,英昭
塚越,秀樹
大島,朋子
鈴木,博之
高橋,雪子
松田,光太郎
小柳,嘉幸
高木,弘和
高木,亜矢子
二宮,聡
坂口,哲
山鹿,豊
酒井,宏行
星野,夏子
高田,厚子
大石,忠司
福元,良太
吉武,大輔
山崎,孝博
大串,優
能登,真耶
江川,路子
鈴木,篤史
紅林,加奈子
赤木,倫太郎
早川,晶子
椎野,令奈
田所,健夫
渡辺,元
清水,俊晴
久保田,優
富田,由紀
富田,俊之
若狭,勝浩
霜鳥,芳樹
前田,稔
片桐,由美
菅原,誠
久保,健次
武藤,曉
熊谷,茂樹
成岡,優香
板谷,圭介
佐藤,理紗
井田,泉
岸田,瑞紀
小佐野,直宏
江口,雅生
中井,卓司
酒井,千恵
平尾,良博
高林,圭輔
松本,慶悟
齋藤,淳
佐藤,久恵
佐久間,真理子
望月,祐一郎
川島,雅子
荻野,みゆき
金,健志
薄井,由佳
田尻,朝美
小山,潤子
加藤,賢祐
大庭,大介
杉山,芳宏
吉木,孝一
青木,真理子
森脇,理子
江尻,有美
大嶺,克明
谷口,結子
水口,勝
寺倉,良輔
牧,敬一
大嶋,美絵
阿部,恵美
小島,大介
井田,和久
進藤,敦司
植田,みか
北詰,竜治
小山,聡子
吉田,美穂
三浦,和子
若狭,聡
石井,恵太
冨田,麻衣
吉原,優
露口,正裕
刈谷,美里
小林,利恵子
澤,眞
野村,あき
佐藤,貴也
城戸,良輔
岡本,洋一
平,雄
大久保,英里
前田,加奈子
近藤,康之
山下,みちる
若山,裕
山科,力
青木,新一
富永,温
三浦,建太郎
野口,理紗
緑川,駿
竹内,匠吾
北畠,将人
久保,和志
千葉,伊代
八尾,良介
井上,大介
金澤,未歩
小林,弘樹
林,祐希
蛯名,理絵
布村,彰
中林,裕一
山本,博史
荒井,和則
斎藤,三郎
堀,泰孝
高木,弥生
金澤,祐子
村田,雅一
清水,晃一
綾部,瑞希
益田,孝大
内山,洋一
中川,晋也
横山,ひかり
佐藤,優子
三浦,隆文
永井,和也
田口,秀太
岩崎,章太郎
葛西,弘美
大橋,悠子
牧野,幸博
北原,暁
西,明子
松田,静子
田淵,裕康
松井,和人
荻野,綾奈
秦,浩平
中村,剛
上原,雄貴
上田,清司
井上,拓哉
黒木,士朗
本田,修
村上,孝一
小村,宏
西山,和史
倉持,健二
菊地,幹
山田,勝
木村,修二
大坪,順子
堀井,勇輔
山本,瞬
鈴木,千佳子
稲森,美穂
乗松,由美
大島,裕貴
青木,直樹
今村,玲菜
小田,尚彦
倉澤,晃嗣
門前,直美
武田,淳一
中村,正一
高橋,奈保子
十河,陽子
石川,玲子
柏木,みお
藤井,政之
竹井,由裕
石崎,哲朗
松浦,一二三
大久保,智洋
川原,大輔
浅井,誠人
大北,謙介
江口,寛之
渡辺,さとこ
木村,茂樹
徳野,早紀
上出,剛
池田,朗子
西,達郎
久保,照美
中西,英一
堀畑,一弥
牛島,早紀
森,貴志
杉山,崇
松永,沙希
岩城,昌哉
金子,隆浩
永冨,江理子
安藤,英樹
黒岩,聡子
河津,孝治
吉田,佑太
大西,直樹
藤田,みほ子
礒部,圭佑
望月,紘平
橋本,直明
伊藤,美月
柴田,芳樹
橘,信博
滝川,賢一
西村,裕子
松丸,大輔
川村,和寿
三井,卓也
中村,信一郎
安藤,直樹
佐藤,こうじ
佐藤,知行
坂井,浩二
辻,愛
永田,聡
村橋,和也
佐藤,加奈恵
池永,和子
田村,義人
佐野,真吾
河合,祐希
草刈,憲一郎
竹下,愛
柏木,康成
高橋,涼太
横山,健一
岡元,英世
湯川,聡美
長屋,勝則
吉田,義仁
平岩,みか
角田,勝子
芹田,美智子
石井,良子
中島,あゆみ
渡邉,智明
橋本,恒一
五十嵐,芳彦
芹澤,幹雄
早川,哲
中川,靖典
一之瀬,有香
岸田,啓之
宮本,憲二
村山,祐子
成田,鉄平
廣川,憲二
黒羽,結香
加藤,忠雄
田中,渉
横尾,敬太
鈴木,茂樹
近藤,友範
飯田,直樹
森,隆三
立川,豪
武井,貴夫
池田,和広
宇野,真紀
浜田,和彦
百瀬,良明
橋本,寿樹
安藤,真友子
内山,明彦
高坂,英二
堺,泰一
矢島,浩
伊藤,亮太
明石,博之
渋谷,啓
渡部,千紘
角田,信行
高橋,有加
山内,麻里子
西尾,菜穂子
小林,賢一
佐々木,伸子
北村,一美
高木,有希子
馬野,ななえ
堀口,綾子
井上,美和
西巻,順司
柳澤,拓磨
池,武
柚木,貴美
金子,浩一
西岡,香
中野,智康
加藤,美奈子
井上,洋平
松浦,恵
加藤,昭宏
河合,優子
堀口,太郎
北尾,七海
森田,誠
古市,高志
蛯名,隆行
中山,よしえ
小田,卓也
野村,義則
野川,貴代子
河井,将史
中野,優
寺本,友仁
山井,悦子
上野,諭
木村,千香
北出,敏子
森,祥子
熊谷,志穂
多田,優
村山,まさし
宮本,良成
新井,正明
石黒,啓太
田中,善雄
荻田,麗
柴田,純子
日向,規子
田草川,勇気
吉田,英史
福山,智子
森,寿
松岡,真代
植松,亙
松本,奈穂子
西川,京平
中田,幸生
井口,友和
福井,晃
渡邊,仁
播磨,広和
冨,保雄
竹田,悟志
下村,将人
柿崎,恭子
高橋,哲史
太田,宗利
植村,紘子
和田,久則
飯田,哲朗
横溝,千佳
山崎,賢一郎
池畑,健輔
米永,淳子
藤瀬,友美
佐藤,敦
酒井,大輔
三宅,啓吾
西村,大
橋本,晋一
瀬戸口,美菜子
松岡,孝行
安倍,房江
渡邊,奈津子
宮城,まゆみ
末廣,舞
小松崎,沙織
松葉,隆
後藤,晴之
荒木,久美子
松川,健一
曽根,和也
海老根,賢一
木村,裕史
高田,浩史
岡本,努
重松,聡
秋田,康祐
浦野,祐一
小山,知洋
澁谷,浩之
國澤,宏
浜田,康司
加藤,久美
坂根,和江
小笠,賢
伊能,隆雄
古野,努
仲松,政浩
添島,麻衣
中谷,卓
津川,透
濱田,陽子
元吉,孝宏
小田川,文雄
秋山,秀一
持田,寛和
斉田,純子
佐竹,健
小田,舞子
前原,将志
木村,麻衣
富永,尚子
渡邊,加代子
梅村,祐作
三浦,香織
伊藤,大介
岸川,博貴
半田,俊祐
長谷川,雅子
松田,さやか
浦,葉子
太田,慎一
松浦,大
河原,理恵
指田,あゆみ
土井,かすみ
西村,美沙
植田,みゆき
竹田,浩
加藤,修
今吉,明子
辻,麻由美
西川,朝子
荒井,寛
鈴木,和人
市川,智子
富田,勝
鵜飼,綾乃
坂野,有理
竹内,龍也
橋本,弘幸
金,淳
岩田,太
長坂,勝裕
田中,勇二
高木,愛子
西森,速人
石岡,郁
阿部,雄大
村山,泰浩
田淵,哲郎
近藤,崇
仲野,雅江
植野,宏隆
島影,譲
小田,秀夫
長堀,美香
秦,勝一
横田,隆浩
笹井,孝裕
田中,慧
浜口,暁
有賀,貴宣
熊野,恵
棚橋,真
桂,裕司
高木,敦子
松井,智子
野村,敏行
井戸川,真紀子
菅井,朋哉
佐藤,直彦
新名,将之
水本,有美
山田,陽
新妻,誠
菅原,弘一
清原,加奈美
上田,研二
前田,裕美
森,貴史
宮崎,裕司
後藤,秀則
相田,宗行
岸田,大作
松井,崇史
峯,美咲子
鈴木,悟史
大橋,裕士
森,規雄
村上,恵
上杉,薫
樽見,明子
飯村,麻美
長谷川,智昭
佐々木,尚文
末澤,文絵
江川,梨華
辻野,真太郎
増田,靖恵
中村,梨花
林,佐和子
石井,大介
杉浦,まみ
磯部,真由美
齋藤,晴美
大川,聡美
石川,絵里
奥田,健一
森下,和宏
濱口,ゆり
川端,昌宏
竹内,智代
末光,勇治
尾花,修一
高橋,知弘
十川,康幸
河原,学
川田,利恵
山本,尚文
嘉村,優貴
澤田,朝美
杉田,健人
小林,隼平
山口,大志
奥山,朋美
岸,誠
牧,康宏
趙,まり
岩波,みどり
川森,敦弘
武田,篤子
竹内,明美
鈴木,美穂
谷本,節子
伊藤,理恵
脇田,森
矢島,奈央子
城戸,邦彦
宮島,佳世
入山,康孝
荒田,慶子
篠崎,貴央
大田,勝弘
北島,純子
淺野,愛里
阿部,武
増田,佳代
天野,知
亀井,紀子
高野,崇
佐藤,洋一郎
藤原,尚之
山崎,和人
松本,いずみ
斉藤,悠一
齊藤,久美子
村井,文弥
熊倉,隼人
北沢,昇
佐野,雅美
小西,敦子
前田,緑
三浦,一史
鈴木,玲
手塚,奈緒
渡邊,治夫
若狭,佳那
松永,まゆ
海老原,智明
泉,直樹
廣岡,広明
佐藤,知宏
太田,嘉人
福山,正登
加藤,恵
高木,薫
齋藤,真也
阿部,裕佳子
滝沢,朋美
佐久間,真子
畠山,光
小川,穂高
嶋津,修一
前田,玲子
石野,基司
森本,裕一朗
涌井,博子
藤井,一郎
八田,貴司
中村,康大
武岡,康弘
平山,満
原田,浩章
伊藤,明代
大嶽,武司
浜地,浩之
寺前,智裕
三浦,利恵
村田,香織
白井,泰彦
杉村,綾子
高村,智美
山内,仁孝
岡野,なみ
梅川,隆光
渡邉,たかし
岩本,哲
加藤,達也
柴田,元
丸山,信也
滝野,佳代
橋本,悠
山下,秀典
長井,宏美
池田,太洋
石田,和宏
山田,福子
岩井,至
山口,勇人
渡辺,友宏
藤川,郁恵
清田,和也
本村,貴弘
藤本,彩子
原,克己
前野,亮祐
中西,裕司
岡田,順子
吉田,修一
高塚,亮太
奥野,直樹
菅原,佳奈子
今井,太郎
秋丸,智士
小野,誠也
水野,公平
久世,正人
藤本,陽介
小林,穣
松本,順子
山浦,翔太郎
山崎,令子
海江田,浩志
古川,義一
金田,弘人
川井,準也
山田,聡子
長濱,武志
岡本,正雄
石崎,弘明
吉田,義昭
内田,敦
三輪,正則
金田,絵里
一戸,豊
土屋,大介
片岡,準
鈴木,航平
岡田,史彦
上久保,善彦
村本,れい
小河,龍二
中森,久美子
三井,美香
中川,祐一
灘,健司
桜井,徹
西村,祥子
杉下,久人
藤井,征也
國武,幸
山本,さやか
久保田,知孝
安井,拓哉
渡邉,千夏
古川,基
上杉,聖子
吉野,亜依
鈴木,陽子
原田,夏子
俣野,真吾
清水,英里子
門村,大樹
野尻,かずみ
久保,寛貴
小林,恵一
河村,一成
花野,勝久
上田,博昭
豊田,聡
丹羽,美紀
原田,元
高松,健太
川久保,明宏
淺井,孝一
佐々木,康史
笠原,香菜
伊藤,順一
吉良,潤一郎
野原,健一
新井,景子
藤田,花
遠藤,涼子
山本,光二
井上,敦
木村,佑輔
西依,潤
小嶋,善久
浅野,綾
谷藤,大輝
生駒,博子
渡辺,一男
藤原,美保
工藤,直樹
田中,宏
伊藤,琢磨
浅井,久美子
佐藤,春奈
細井,ちづる
椿原,直人
山田,麻衣
田中,裕子
和田,拓也
中山,喬之
今野,信夫
久保,翔太
水谷,淳
吉田,亮太
河合,章弘
田中,真司
滝,悦子
宮下,伸一
塚田,香織
山内,哲也
梅原,誠
八嶋,とも子
山本,真弓
横幕,由美
浦崎,徹
東田,裕之
尾形,律子
佐々木,健一
本田,雅也
石川,信隆
田中,義夫
山川,真菜
兼島,尚登
橋本,礼子
岩田,貞徳
藤本,美喜子
谷島,浩樹
深野,亜希
野口,真由美
成宮,浩子
二宮,和幸
矢口,美帆
安部,志津子
中村,菜緒
江崎,豊
田中,博子
安達,良平
中尾,敦
小林,鉄平
猿渡,孝
古賀,芳徳
内山,徹
伊藤,大輔
木村,俊一
玉川,一郎
佐藤,千里
山本,進
羽賀,愛美
山根,哲郎
村井,幸一郎
竹山,直人
梅本,正弘
村田,英俊
竹本,陽子
清田,雄一朗
菅野,耕輔
吉澤,政彦
菊地,真樹
泉,圭
中野,茂樹
田村,久和
金野,貴彦
中井,征司
玉井,佳代子
本間,敬
川島,宏之
門司,聡
隈元,敦士
日山,章子
三田,智弘
曽根,光
吉田,裕樹
日高,尚史
徳永,寿一
宇都宮,麻衣
加藤,淳也
小泉,裕美
野田,悠太
丸山,浩市
川添,隆啓
加藤,京子
高田,有紀
田村,岳彦
藤澤,義仁
峯岸,清治
本田,毅
生駒,和彦
近藤,憲一
佐藤,和博
